<?xml version="1.0" encoding="UTF-8"?>
<CustomField xmlns="http://soap.sforce.com/2006/04/metadata">
    <fullName>Purchase_Order__c</fullName>
    <externalId>false</externalId>
    <label>Purchase Order</label>
    <referenceTo>Purchase_Order__c</referenceTo>
    <relationshipLabel>Purchase Order Items</relationshipLabel>
    <relationshipName>Purchase_Order_Items</relationshipName>
    <relationshipOrder>0</relationshipOrder>
    <reparentableMasterDetail>false</reparentableMasterDetail>
    <trackTrending>false</trackTrending>
    <type>MasterDetail</type>
    <writeRequiresMasterRead>false</writeRequiresMasterRead>
</CustomField>
