<?xml version="1.0" encoding="UTF-8"?>
<CustomField xmlns="http://soap.sforce.com/2006/04/metadata">
    <fullName>Unit_Type__c</fullName>
    <externalId>false</externalId>
    <label>Unit Type</label>
    <required>false</required>
    <trackTrending>false</trackTrending>
    <type>Picklist</type>
    <valueSet>
        <restricted>true</restricted>
        <valueSetDefinition>
            <sorted>false</sorted>
            <value>
                <fullName>Foot</fullName>
                <default>false</default>
                <label>Foot</label>
            </value>
            <value>
                <fullName>Each</fullName>
                <default>false</default>
                <label>Each</label>
            </value>
            <value>
                <fullName>Pound</fullName>
                <default>false</default>
                <label>Pound</label>
            </value>
            <value>
                <fullName>oz.</fullName>
                <default>false</default>
                <label>oz.</label>
            </value>
        </valueSetDefinition>
    </valueSet>
</CustomField>
